?PLUS,4.54,11.18-17.58?,https://car.autohome.com.cn/diandongche/series-5964.html#pvareaid=2042206,https://car2.autoimg.cn/cardfs/product/g10/M09/F1/29/120x90_0_q95_autohomecar__ChwEnGBF60aAIXI3AB2UX_eA0YY569.jpg
Model Y,4.36,29.9988-39.79?,https://car.autohome.com.cn/diandongche/series-5769.html#pvareaid=2042206,https://car2.autoimg.cn/cardfs/product/g30/M0A/E5/ED/120x90_0_q95_autohomecar__ChxknGNiV3iAXfkhACSxKEyLjDM422.jpg
?PLUS???,4.53,15.28-21.68?,https://car.autohome.com.cn/diandongche/series-5761.html#pvareaid=2042206,https://car3.autoimg.cn/cardfs/product/g7/M11/F7/E7/120x90_0_q95_autohomecar__ChwEmWBXHCGAThNWABDYlyVG4jk321.jpg
?,4.52,21.48-32.98?,https://car.autohome.com.cn/diandongche/series-5499.html#pvareaid=2042206,https://car2.autoimg.cn/cardfs/product/g25/M0B/3B/77/120x90_0_q95_autohomecar__ChtliGJM9LqAYZ90AB_7nRYeRt8442.jpg
Model 3,4.44,27.6988-34.99?,https://car.autohome.com.cn/diandongche/series-5346.html#pvareaid=2042206,https://car3.autoimg.cn/cardfs/product/g27/M06/16/93/120x90_0_q95_autohomecar__ChsEbGH2s2OAcztaAB8GRkzXkX8486.jpg
??MINIEV,4.5,3.28-9.99?,https://car.autohome.com.cn/diandongche/series-5714.html#pvareaid=2042206,https://car2.autoimg.cn/cardfs/product/g30/M07/00/7B/120x90_0_q95_autohomecar__ChxknGNrA-6AI5fKACMkwqw1KkQ733.jpg
????,4.57,20.58-33.98?,https://car.autohome.com.cn/diandongche/series-3430.html#pvareaid=2042206,https://car2.autoimg.cn/cardfs/product/g30/M02/17/92/120x90_0_q95_autohomecar__ChwFlGJG1lOAbktHAA92T2oX-B4301.jpg
??,4.48,20.98-28.68?,https://car.autohome.com.cn/diandongche/series-6394.html#pvareaid=2042206,https://car3.autoimg.cn/cardfs/product/g29/M00/55/C9/120x90_0_q95_autohomecar__ChsFVWL7nTCAFEiMADddiUIxeDU595.jpg
??,4.51,10.28-13.08?,https://car.autohome.com.cn/diandongche/series-6139.html#pvareaid=2042206,https://car3.autoimg.cn/cardfs/product/g30/M0A/35/01/120x90_0_q95_autohomecar__ChxknGEalEaAQ6wdAAsPzzmDjvs885.jpg
?PLUS,4.48,13.78-16.58?,https://car.autohome.com.cn/diandongche/series-6298.html#pvareaid=2042206,https://car3.autoimg.cn/cardfs/product/g28/M0A/8C/52/120x90_0_q95_autohomecar__ChsFWWIL8UWACVQYACVpExrhIRo721.jpg
??EQE,4.86,47.80-53.43?,https://car.autohome.com.cn/diandongche/series-6640.html#pvareaid=2042206,https://car2.autoimg.cn/cardfs/product/g30/M06/39/E7/120x90_0_q95_autohomecar__ChsFJ2MMpL2AADHxACJ4mv5_ilE074.jpg
ZEEKR 001,4.4,29.90-38.60?,https://car.autohome.com.cn/diandongche/series-6091.html#pvareaid=2042206,https://car2.autoimg.cn/cardfs/product/g29/M08/F6/C3/120x90_0_q95_autohomecar__Chxkm2Lg-M2AWpPoABeg4LhdoIo210.jpg
??R7,4.46,30.25-36.95?,https://car.autohome.com.cn/diandongche/series-6072.html#pvareaid=2042206,https://car3.autoimg.cn/cardfs/product/g26/M0A/42/09/120x90_0_q95_autohomecar__ChsEdmLP0CeAVbHBABKCe0IHaqg248.jpg
??i3,4.53,34.99?,https://car.autohome.com.cn/diandongche/series-6544.html#pvareaid=2042206,https://car2.autoimg.cn/cardfs/product/g28/M09/C9/52/120x90_0_q95_autohomecar__ChxkmmKJqxmADrWLADn48aonEmw529.jpg
????SL03,4.45,16.89-69.99?,https://car.autohome.com.cn/diandongche/series-6353.html#pvareaid=2042206,https://car2.autoimg.cn/cardfs/product/g26/M06/94/6F/120x90_0_q95_autohomecar__ChxkjmLxIqCAIiLGADGm4MesSO8115.jpg
??e-tron(??),0,66.98-72.98?,https://car.autohome.com.cn/diandongche/series-3894.html#pvareaid=2042206,https://car3.autoimg.cn/cardfs/product/g29/M05/4C/3D/120x90_0_q95_autohomecar__Chxkm2HegX6Ab7T0ACARLMX3XVw325.jpg
????UX???,4.54,36.20-38.50?,https://car.autohome.com.cn/diandongche/series-5534.html#pvareaid=2042206,https://car2.autoimg.cn/cardfs/product/g29/M0A/7A/85/120x90_0_q95_autohomecar__ChsEfl7XCa-AbIF3AAocnTSBisg943.jpg
??i6 MAX???,4.53,13.68-18.88?,https://car.autohome.com.cn/diandongche/series-5801.html#pvareaid=2042206,https://car3.autoimg.cn/cardfs/product/g29/M0B/46/25/120x90_0_q95_autohomecar__ChwFk2KZ_lOABsqBABl9R5ATWU4838.jpg
???CX-30 EV,4.88,15.98-20.18?,https://car.autohome.com.cn/diandongche/series-6141.html#pvareaid=2042206,https://car3.autoimg.cn/cardfs/product/g3/M06/44/D0/120x90_0_q95_autohomecar__Chxkp2FhjZqAdI4IABU7rUeXnv0142.jpg
???AIRTREK,4.55,19.98-22.98?,https://car.autohome.com.cn/diandongche/series-6154.html#pvareaid=2042206,https://car2.autoimg.cn/cardfs/product/g27/M02/BB/44/120x90_0_q95_autohomecar__ChwFkWGsL_6AXmeLAB58tP85OL8468.jpg
??ET5,4.51,32.80-38.60?,https://car.autohome.com.cn/diandongche/series-6453.html#pvareaid=2042206,https://car2.autoimg.cn/cardfs/product/g29/M08/88/B2/120x90_0_q95_autohomecar__Chxkm2No0zeAIBtiACwcmZbF2hI414.jpg
??G3,4.52,16.89-20.19?,https://car.autohome.com.cn/diandongche/series-4489.html#pvareaid=2042206,https://car2.autoimg.cn/cardfs/product/g30/M00/49/B9/120x90_0_q95_autohomecar__ChwFlGLVYVKAW-IQAB75mSDJQBY573.jpg
??EC6,4.52,39.60-55.40?,https://car.autohome.com.cn/diandongche/series-5569.html#pvareaid=2042206,https://car2.autoimg.cn/cardfs/product/g25/M09/01/94/120x90_0_q95_autohomecar__ChxkqWNYBWKAcXtYAAlZ6zitbzQ816.jpg
??P5,4.5,17.99-22.59?,https://car.autohome.com.cn/diandongche/series-6095.html#pvareaid=2042206,https://car2.autoimg.cn/cardfs/product/g25/M01/11/91/120x90_0_q95_autohomecar__ChtliGJ854qAXhjXACElAHMHCMs076.jpg
smart??#1,4.14,19.42-27.90?,https://car.autohome.com.cn/diandongche/series-6369.html#pvareaid=2042206,https://car2.autoimg.cn/cardfs/product/g26/M09/38/B9/120x90_0_q95_autohomecar__ChsEdmLM87WASWPzAAaDy9A0ynM114.jpg
????GT,4.15,14.90-16.90?,https://car.autohome.com.cn/diandongche/series-6322.html#pvareaid=2042206,https://car3.autoimg.cn/cardfs/product/g24/M00/66/42/120x90_0_q95_autohomecar__ChwFjmEBYjWAEh4SAA-sZ2Zosi4943.jpg
??E,4.42,8.68-13.18?,https://car.autohome.com.cn/diandongche/series-6639.html#pvareaid=2042206,https://car3.autoimg.cn/cardfs/product/g29/M00/42/A9/120x90_0_q95_autohomecar__ChsFVWKYUdWAVfobABNgJ01hImo187.jpg
AION LX,4.52,28.66-46.96?,https://car.autohome.com.cn/diandongche/series-5262.html#pvareaid=2042206,https://car3.autoimg.cn/cardfs/product/g29/M03/52/E1/120x90_0_q95_autohomecar__ChwFk2HBlf-ALEXOAAziflfW5io647.jpg
??E-HS3,0,22.58-26.58?,https://car.autohome.com.cn/diandongche/series-4789.html#pvareaid=2042206,https://car2.autoimg.cn/cardfs/product/g28/M04/ED/06/120x90_0_q95_autohomecar__ChsEnl24CQCAAYUqAAbHwWNu5vI826.jpg
??D9,4.55,32.98-45.98?,https://car.autohome.com.cn/diandongche/series-6669.html#pvareaid=2042206,https://car2.autoimg.cn/cardfs/product/g25/M02/4C/6F/120x90_0_q95_autohomecar__ChtliGOX-F6AfZkIACWrkCYRbf0940.jpg
???CLEVER,4.05,5.9999?,https://car.autohome.com.cn/diandongche/series-5282.html#pvareaid=2042206,https://car3.autoimg.cn/cardfs/product/g30/M06/8A/4D/120x90_0_q95_autohomecar__ChsFJ2JeJUmAa0dfAB6uy587jB8608.jpg
??????GV70,0,38.58-43.98?,https://car.autohome.com.cn/diandongche/series-6500.html#pvareaid=2042206,https://car2.autoimg.cn/cardfs/product/g25/M03/30/B2/120x90_0_q95_autohomecar__ChxkqWNotMaAGaQsABg6NAbDVRY068.jpg
??Lumin,4.33,4.89-6.39?,https://car.autohome.com.cn/diandongche/series-6674.html#pvareaid=2042206,https://car3.autoimg.cn/cardfs/product/g29/M0A/8E/D2/120x90_0_q95_autohomecar__ChsFVWMO8G-AEyrXACV4jo0AG6g393.jpg
Model S,0,88.999-105.999?,https://car.autohome.com.cn/diandongche/series-2357.html#pvareaid=2042206,https://car3.autoimg.cn/cardfs/product/g30/M02/E8/86/120x90_0_q95_autohomecar__ChxknGNjX5-AIpAYAAoMy_eSUCA386.jpg
???XC40???,4.53,27.99-31.90?,https://car.autohome.com.cn/diandongche/series-5904.html#pvareaid=2042206,https://car3.autoimg.cn/cardfs/product/g30/M08/B3/48/120x90_0_q95_autohomecar__ChsFJ2LeSYqAcb4iABw-fPJqmmE752.jpg
Ariya???,4.53,27.28-34.28?,https://car.autohome.com.cn/diandongche/series-6714.html#pvareaid=2042206,https://car2.autoimg.cn/cardfs/product/g28/M06/3C/ED/120x90_0_q95_autohomecar__ChwFkmKsA2-AJTkCAAxGXC0fG0M833.jpg
????,3.57,8.68-10.38?,https://car.autohome.com.cn/diandongche/series-4827.html#pvareaid=2042206,https://car3.autoimg.cn/cardfs/product/g16/M05/AB/4D/120x90_0_q95_autohomecar__ChsEzWEE37GAN612AA9by0YNI3Q959.jpg
??W6,4.52,19.58-25.98?,https://car.autohome.com.cn/diandongche/series-5237.html#pvareaid=2042206,https://car3.autoimg.cn/cardfs/product/g4/M0F/5A/B6/120x90_0_q95_autohomecar__Chxkl2EeFJ2AAP3fAB6SFa92cuw383.jpg
??ET7,4.51,45.80-53.60?,https://car.autohome.com.cn/diandongche/series-5264.html#pvareaid=2042206,https://car3.autoimg.cn/cardfs/product/g25/M0A/4C/C2/120x90_0_q95_autohomecar__ChxkqWInQ3-ACW4CACtI-vGtMdw492.jpg
????,4.25,8.48-9.98?,https://car.autohome.com.cn/diandongche/series-4826.html#pvareaid=2042206,https://car3.autoimg.cn/cardfs/product/g29/M04/31/1A/120x90_0_q95_autohomecar__ChwFk18aQYCAKVOeAAe5YFAnZyY260.jpg
??C-HR EV,4.53,22.58-24.98?,https://car.autohome.com.cn/diandongche/series-5270.html#pvareaid=2042206,https://car3.autoimg.cn/cardfs/product/g24/M06/D0/0E/120x90_0_q95_autohomecar__ChsEeV6Bu3-AOKidAAQfwtrBRkA987.jpg
AION Y,4.49,13.76-20.26?,https://car.autohome.com.cn/diandongche/series-5976.html#pvareaid=2042206,https://car2.autoimg.cn/cardfs/product/g26/M02/80/AF/120x90_0_q95_autohomecar__ChwFkGM0RF-AbMNdACVLZnWLnto244.jpg
????,4.43,24.99-36.99?,https://car.autohome.com.cn/diandongche/series-6029.html#pvareaid=2042206,https://car2.autoimg.cn/cardfs/product/g26/M00/4B/F1/120x90_0_q95_autohomecar__ChwFkGFxWqqAAfThACbZswlhQzo150.jpg
Polestar 2,4.63,29.98-35.88?,https://car.autohome.com.cn/diandongche/series-5078.html#pvareaid=2042206,https://car2.autoimg.cn/cardfs/product/g5/M0E/5A/6E/120x90_0_q95_autohomecar__ChwEl2B87NaAEKM7ABPln7M_pfs141.jpg
ID.6 CROZZ,4.53,25.23-33.69?,https://car.autohome.com.cn/diandongche/series-6055.html#pvareaid=2042206,https://car2.autoimg.cn/cardfs/product/g25/M01/EC/1F/120x90_0_q95_autohomecar__ChwFj2Jii6-AF0dMAC_ro4vk2EY784.jpg
????Pro,4.51,8.99-11.29?,https://car.autohome.com.cn/diandongche/series-6703.html#pvareaid=2042206,https://car3.autoimg.cn/cardfs/product/g26/M04/97/C7/120x90_0_q95_autohomecar__ChxkjmLyUvCAECIsAC6EueWj9Sk515.jpg
??X,4.45,28.98-35.78?,https://car.autohome.com.cn/diandongche/series-5323.html#pvareaid=2042206,https://car3.autoimg.cn/cardfs/product/g25/M01/A5/FE/120x90_0_q95_autohomecar__ChsEmF4YToOAEX94AAdu81LJSJs251.jpg
??C11,4.52,17.98-23.98?,https://car.autohome.com.cn/diandongche/series-5205.html#pvareaid=2042206,https://car3.autoimg.cn/cardfs/product/g19/M07/FC/1C/120x90_0_q95_autohomecar__ChwEk1_c4vaAWUkBABKZy1K__bQ884.jpg
???11,0,34.99-60.00?,https://car.autohome.com.cn/diandongche/series-6354.html#pvareaid=2042206,https://car2.autoimg.cn/cardfs/product/g30/M00/C1/89/120x90_0_q95_autohomecar__ChwFlGNWbueAH5dHACZqqh7K3Tc355.jpg
??G6,4.71,14.98-18.68?,https://car.autohome.com.cn/diandongche/series-6863.html#pvareaid=2042206,https://car2.autoimg.cn/cardfs/product/g26/M01/F8/A4/120x90_0_q95_autohomecar__ChwFkGMGzUuAXE0yABf2JDWYe9I065.jpg
??M5,4.5,25.98-33.18?,https://car.autohome.com.cn/diandongche/series-6388.html#pvareaid=2042206,https://car3.autoimg.cn/cardfs/product/g29/M07/27/76/120x90_0_q95_autohomecar__Chxkm2Hz6WSAPxoBAAuNMKxyNBA471.jpg
LYRIQ??,4.5,43.97-47.97?,https://car.autohome.com.cn/diandongche/series-6404.html#pvareaid=2042206,https://car2.autoimg.cn/cardfs/product/g30/M02/43/87/120x90_0_q95_autohomecar__ChsFJ2K0qP2ANRwZACNlslJb_QM032.jpg
??Z03,4.62,13.28-17.88?,https://car.autohome.com.cn/diandongche/series-6157.html#pvareaid=2042206,https://car2.autoimg.cn/cardfs/product/g30/M08/E6/A6/120x90_0_q95_autohomecar__ChsFJ2NHrKmAclYhADbz41RRPTQ414.jpg
??T03,4.38,7.95-9.65?,https://car.autohome.com.cn/diandongche/series-5515.html#pvareaid=2042206,https://car3.autoimg.cn/cardfs/product/g30/M01/7B/F3/120x90_0_q95_autohomecar__ChwFlGJlOcmAAAucAAx2VHDkd8Y776.jpg
??EQB,4.59,35.18-42.37?,https://car.autohome.com.cn/diandongche/series-6150.html#pvareaid=2042206,https://car3.autoimg.cn/cardfs/product/g28/M0B/B3/C1/120x90_0_q95_autohomecar__ChxkmmGNHKuAUZZWAA3hZAzJQ5A550.jpg
??iMAX8 EV,4.61,25.98-35.98?,https://car.autohome.com.cn/diandongche/series-6641.html#pvareaid=2042206,https://car3.autoimg.cn/cardfs/product/g25/M09/E0/E3/120x90_0_q95_autohomecar__ChtliGMgmy6AJg81ABIa7jW2FTA749.jpg
ID.4 X,4.49,18.9288-28.6288?,https://car.autohome.com.cn/diandongche/series-5511.html#pvareaid=2042206,https://car3.autoimg.cn/cardfs/product/g28/M06/DD/1B/120x90_0_q95_autohomecar__ChxkmmOOzr6ALuOJACtgXuZ752M210.jpg
??i4,4.25,44.99-53.99?,https://car.autohome.com.cn/diandongche/series-5480.html#pvareaid=2042206,https://car3.autoimg.cn/cardfs/product/g8/M14/19/FD/120x90_0_q95_autohomecar__ChwEmmFdsI-Afbs6ACvUvIBIpB8117.jpg
?????,0,14.68-16.98?,https://car.autohome.com.cn/diandongche/series-4342.html#pvareaid=2042206,https://car3.autoimg.cn/cardfs/product/g14/M02/ED/59/120x90_0_q95_autohomecar__ChsEvWBK3uiAPSL3ABsC9xcCwRk883.jpg
???,4.72,6.69-9.09?,https://car.autohome.com.cn/diandongche/series-5973.html#pvareaid=2042206,https://car2.autoimg.cn/cardfs/product/g1/M07/40/3E/120x90_0_q95_autohomecar__ChxknWLFPAeARIbPAGVE7dzlyHo900.jpg
??S,4.58,19.98-33.88?,https://car.autohome.com.cn/diandongche/series-5830.html#pvareaid=2042206,https://car2.autoimg.cn/cardfs/product/g29/M01/01/2B/120x90_0_q95_autohomecar__ChsFVWLd4WGAObs7ACFBigonE00507.jpg
??BOX,0,4.18-6.88?,https://car.autohome.com.cn/diandongche/series-5724.html#pvareaid=2042206,https://car3.autoimg.cn/cardfs/product/g30/M04/03/A7/120x90_0_q95_autohomecar__ChxknGNritiAODJXAB7xzCT7jas186.jpg
QQ???,4.51,3.99-5.752?,https://car.autohome.com.cn/diandongche/series-6309.html#pvareaid=2042206,https://car2.autoimg.cn/cardfs/product/g27/M07/AD/43/120x90_0_q95_autohomecar__ChwFkWG4yAqACW-PAA4iiutxxsc087.jpg
??EQA,4.5,32.18?,https://car.autohome.com.cn/diandongche/series-6149.html#pvareaid=2042206,https://car3.autoimg.cn/cardfs/product/g25/M0A/7B/DF/120x90_0_q95_autohomecar__ChtliGJqpT2ADidCADnamFzD2Vc557.jpg
????MAXUS MIFA 9,0,27.99-41.99?,https://car.autohome.com.cn/diandongche/series-6148.html#pvareaid=2042206,https://car3.autoimg.cn/cardfs/product/g25/M07/83/4D/120x90_0_q95_autohomecar__ChwFj2J1EfKADIAoABQkK3KkVRI978.jpg
AION S,4.33,13.98-17.98?,https://car.autohome.com.cn/diandongche/series-5026.html#pvareaid=2042206,https://car2.autoimg.cn/cardfs/product/g28/M06/24/DA/120x90_0_q95_autohomecar__ChsFWWMM482ALZHZAAzKu-kMCLw343.jpg
??A06,0,17.98-26.98?,https://car.autohome.com.cn/diandongche/series-6502.html#pvareaid=2042206,https://car2.autoimg.cn/cardfs/product/g28/M04/5D/A7/120x90_0_q95_autohomecar__ChwFkmNo49KAR4JdABR_I7MnrH0154.jpg
???e3,0,15.48-15.58?,https://car.autohome.com.cn/diandongche/series-5371.html#pvareaid=2042206,https://car2.autoimg.cn/cardfs/product/g26/M0B/65/01/120x90_0_q95_autohomecar__ChxkjmFyzpuAWQGGABlbU4Pr1Cw581.jpg
ZEEKR 009,0,49.90-58.80?,https://car.autohome.com.cn/diandongche/series-6846.html#pvareaid=2042206,https://car3.autoimg.cn/cardfs/product/g28/M01/4D/BE/120x90_0_q95_autohomecar__ChxkmmNo66uAQjN_ADiEIKP8M9M532.jpg
??Q4 e-tron,0,29.99-37.71?,https://car.autohome.com.cn/diandongche/series-6504.html#pvareaid=2042206,https://car2.autoimg.cn/cardfs/product/g29/M06/6C/68/120x90_0_q95_autohomecar__Chxkm2Kt47GAepiQABhccQ9DgF8631.jpg
????,4.4,4.69-7.39?,https://car.autohome.com.cn/diandongche/series-5866.html#pvareaid=2042206,https://car3.autoimg.cn/cardfs/product/g29/M02/25/7C/120x90_0_q95_autohomecar__Chxkm2HdYkuAODj4AB8NBJC76i8205.jpg
??EQS,0,84.50-131.40?,https://car.autohome.com.cn/diandongche/series-5382.html#pvareaid=2042206,https://car3.autoimg.cn/cardfs/product/g27/M07/DA/41/120x90_0_q95_autohomecar__ChwFkWG7O2qADPvxAB-jaxVQnBI058.jpg
??BOX,4.48,6.57-7.12?,https://car.autohome.com.cn/diandongche/series-6763.html#pvareaid=2042206,https://car3.autoimg.cn/cardfs/product/g27/M0B/AB/7B/120x90_0_q95_autohomecar__ChsEbGOG5CqAdlhfABD2I5IGP6A102.jpg
????iA5,4.53,15.98-19.28?,https://car.autohome.com.cn/diandongche/series-5372.html#pvareaid=2042206,https://car2.autoimg.cn/cardfs/product/g25/M09/DD/8B/120x90_0_q95_autohomecar__ChxkqWI8azyAHE0NABYT_If40sM351.jpg
?????,4.44,18.98-26.98?,https://car.autohome.com.cn/diandongche/series-6124.html#pvareaid=2042206,https://car2.autoimg.cn/cardfs/product/g25/M0B/E1/A2/120x90_0_q95_autohomecar__ChwFj2M9iweAYKpaABlQvkeFCz4545.jpg
AION V,4.53,18.76-26.98?,https://car.autohome.com.cn/diandongche/series-5622.html#pvareaid=2042206,https://car3.autoimg.cn/cardfs/product/g25/M07/72/49/120x90_0_q95_autohomecar__ChxkqWMjAJWATHXCACl2hIl7NDw121.jpg
?????,0,14.99-15.99?,https://car.autohome.com.cn/diandongche/series-4343.html#pvareaid=2042206,https://car3.autoimg.cn/cardfs/product/g28/M05/4A/81/120x90_0_q95_autohomecar__ChxkmmG1-B-ABn5KAC6Kp2xycvs445.jpg
??i7,0,100.00-120.00?,https://car.autohome.com.cn/diandongche/series-6427.html#pvareaid=2042206,https://car3.autoimg.cn/cardfs/product/g25/M03/C4/16/120x90_0_q95_autohomecar__ChwFj2OGSreAPEjMACfrs4wLAgQ910.jpg
??HiPhi X,4.53,57.00-80.00?,https://car.autohome.com.cn/diandongche/series-5387.html#pvareaid=2042206,https://car2.autoimg.cn/cardfs/product/g25/M05/D3/61/120x90_0_q95_autohomecar__ChwFj2LYCEKAHVW1AB0Fh4bZPZk783.jpg
??EQS AMG,0,154.70?,https://car.autohome.com.cn/diandongche/series-6231.html#pvareaid=2042206,https://car3.autoimg.cn/cardfs/product/g25/M04/75/14/120x90_0_q95_autohomecar__ChwFj2JzlIaAS06aABt-KHPOgqc523.jpg
??ES7,4.51,46.80-54.80?,https://car.autohome.com.cn/diandongche/series-6700.html#pvareaid=2042206,https://car3.autoimg.cn/cardfs/product/g25/M03/42/01/120x90_0_q95_autohomecar__ChxkqWKwNyyAStehABLHJ6NjiJs329.jpg
??NanoEV,3.25,5.68-6.68?,https://car.autohome.com.cn/diandongche/series-6121.html#pvareaid=2042206,https://car2.autoimg.cn/cardfs/product/g30/M0B/CC/FA/120x90_0_q95_autohomecar__ChxknGIXW5WAK1EoABHAOs-yjtM269.jpg
???,0,5.59-5.89?,https://car.autohome.com.cn/diandongche/series-6720.html#pvareaid=2042206,https://car3.autoimg.cn/cardfs/product/g30/M05/81/D7/120x90_0_q95_autohomecar__ChwFlGNBBPOABWl9ACFIV46wkzM028.jpg
??E-QM5,4.54,12.28-23.98?,https://car.autohome.com.cn/diandongche/series-6002.html#pvareaid=2042206,https://car2.autoimg.cn/cardfs/product/g30/M08/BC/0C/120x90_0_q95_autohomecar__ChwFlGL9_yeAecn-AB19ydIYt5c430.jpg
??e:NS1,4.67,17.50-21.80?,https://car.autohome.com.cn/diandongche/series-6152.html#pvareaid=2042206,https://car3.autoimg.cn/cardfs/product/g29/M05/A8/D5/120x90_0_q95_autohomecar__Chxkm2HZqKeAdviZABsx6S2zktU636.jpg
???C40,4.53,28.90-33.90?,https://car.autohome.com.cn/diandongche/series-6049.html#pvareaid=2042206,https://car3.autoimg.cn/cardfs/product/g26/M06/68/F9/120x90_0_q95_autohomecar__ChxkjmKFskqAAxEyABNDhqImob0968.jpg
?? ???S(ARCFOX aS),4.53,22.38-42.99?,https://car.autohome.com.cn/diandongche/series-5824.html#pvareaid=2042206,https://car2.autoimg.cn/cardfs/product/g21/M12/32/FA/120x90_0_q95_autohomecar__ChsEvGBwV-GAfj_SAA9AIfeeFLY850.jpg
????bZ4X,4.86,19.98-28.48?,https://car.autohome.com.cn/diandongche/series-6673.html#pvareaid=2042206,https://car3.autoimg.cn/cardfs/product/g30/M05/54/BE/120x90_0_q95_autohomecar__ChxknGI7P8WAT9iSAClfakyIX6g238.jpg
??MINIEV,4.5,3.26-5.91?,https://car.autohome.com.cn/diandongche/series-6431.html#pvareaid=2042206,https://car2.autoimg.cn/cardfs/product/g29/M04/45/2B/120x90_0_q95_autohomecar__Chxkm2HOs52AaOH5ACIglOS5RVI027.jpg
Model X,0,93.999-99.999?,https://car.autohome.com.cn/diandongche/series-2664.html#pvareaid=2042206,https://car2.autoimg.cn/cardfs/product/g28/M09/4F/91/120x90_0_q95_autohomecar__ChwFkmNkd8-AYOBwAAR1wrb0VU0906.jpg
??Q2L e-tron,0,24.38?,https://car.autohome.com.cn/diandongche/series-5240.html#pvareaid=2042206,https://car2.autoimg.cn/cardfs/product/g30/M05/5A/A3/120x90_0_q95_autohomecar__ChxknGIM7h6AJfJMAAy_iN8MTyc592.jpg
YOUNG???,3.74,6.48-8.18?,https://car.autohome.com.cn/diandongche/series-6341.html#pvareaid=2042206,https://car3.autoimg.cn/cardfs/product/g28/M0A/90/E4/120x90_0_q95_autohomecar__ChwFkmGSB5aAToQEACq5KgjPypk014.jpg
??G9,4.52,30.99-46.99?,https://car.autohome.com.cn/diandongche/series-6492.html#pvareaid=2042206,https://car3.autoimg.cn/cardfs/product/g25/M0B/25/B7/120x90_0_q95_autohomecar__ChxkqWMGL3aAR0jmAA99qDEkDgs877.jpg
AION S Plus,4.51,16.38-19.16?,https://car.autohome.com.cn/diandongche/series-6619.html#pvareaid=2042206,https://car2.autoimg.cn/cardfs/product/g25/M0A/61/68/120x90_0_q95_autohomecar__ChtliGJQLI-AH4MEAAyQex_ip7g805.jpg
??M6,4.86,14.98-18.68?,https://car.autohome.com.cn/diandongche/series-6862.html#pvareaid=2042206,https://car2.autoimg.cn/cardfs/product/g29/M03/AE/78/120x90_0_q95_autohomecar__Chxkm2N0WrqAGWeJABfLG0-hU4A411.jpg
??V,4.49,7.99-12.38?,https://car.autohome.com.cn/diandongche/series-5819.html#pvareaid=2042206,https://car3.autoimg.cn/cardfs/product/g25/M05/4E/76/120x90_0_q95_autohomecar__ChxkqWNyP06ASlsQABqdWd1cKuY062.jpg
????bZ4X,4.55,19.98-28.78?,https://car.autohome.com.cn/diandongche/series-6505.html#pvareaid=2042206,https://car3.autoimg.cn/cardfs/product/g30/M03/DA/7B/120x90_0_q95_autohomecar__ChxknGJw1VSAEZaNABRf1zAjpog480.jpg
??7,0,19.78-21.78?,https://car.autohome.com.cn/diandongche/series-5584.html#pvareaid=2042206,https://car2.autoimg.cn/cardfs/product/g30/M01/05/A7/120x90_0_q95_autohomecar__ChsFJ2Jr5OeAKSBUACw7_AaQpIY487.jpg
??ES8,4.54,49.60-65.60?,https://car.autohome.com.cn/diandongche/series-4427.html#pvareaid=2042206,https://car2.autoimg.cn/cardfs/product/g25/M09/95/EC/120x90_0_q95_autohomecar__ChtliGME0vSALtz8AA8M19Jd60w392.jpg
??5,4.43,17.90?,https://car.autohome.com.cn/diandongche/series-5852.html#pvareaid=2042206,https://car2.autoimg.cn/cardfs/product/g29/M03/14/2D/120x90_0_q95_autohomecar__Chxkm2ONpP6AEP4wABbO8Couf4o691.jpg
??EV,4.63,17.98-19.28?,https://car.autohome.com.cn/diandongche/series-5339.html#pvareaid=2042206,https://car3.autoimg.cn/cardfs/product/g1/M08/47/FB/120x90_0_q95_autohomecar__ChsEmV8j_3yAdHzrACNpCFQd6-o560.jpg
???,4.51,7.39-9.40?,https://car.autohome.com.cn/diandongche/series-4218.html#pvareaid=2042206,https://car3.autoimg.cn/cardfs/product/g25/M04/72/F3/120x90_0_q95_autohomecar__ChtliGKYX5GALul2ABDmd7i8fTM362.jpg
?Pro???,4.48,13.69-20.49?,https://car.autohome.com.cn/diandongche/series-4972.html#pvareaid=2042206,https://car2.autoimg.cn/cardfs/product/g26/M04/63/23/120x90_0_q95_autohomecar__ChsEe10_A5uANhyOAArZXfRpsDU383.jpg
??,0,4.19-5.19?,https://car.autohome.com.cn/diandongche/series-6621.html#pvareaid=2042206,https://car2.autoimg.cn/cardfs/product/g28/M08/56/38/120x90_0_q95_autohomecar__ChxkmmK5vriAWhWTABuVyayci3A923.jpg
??P7,4.52,23.99-28.59?,https://car.autohome.com.cn/diandongche/series-5213.html#pvareaid=2042206,https://car3.autoimg.cn/cardfs/product/g28/M03/B0/4D/120x90_0_q95_autohomecar__ChsFWWKIqC2AI9pSABCHVpI6xWw844.jpg
??Q5 e-tron,4.86,37.65-47.95?,https://car.autohome.com.cn/diandongche/series-6336.html#pvareaid=2042206,https://car3.autoimg.cn/cardfs/product/g29/M05/0F/65/120x90_0_q95_autohomecar__ChwFk2HcSgmAA54jAA1eMWKg1dk527.jpg
??D60EV,4.52,14.4775-17.88?,https://car.autohome.com.cn/diandongche/series-5183.html#pvareaid=2042206,https://car2.autoimg.cn/cardfs/product/g26/M02/EE/EA/120x90_0_q95_autohomecar__ChxkjmNmbwuAVIXDABiZ-1EPxTk391.jpg
??KiWi EV,4.45,7.78-10.28?,https://car.autohome.com.cn/diandongche/series-6155.html#pvareaid=2042206,https://car3.autoimg.cn/cardfs/product/g26/M08/C0/5C/120x90_0_q95_autohomecar__ChsEdmL827yARP5JACX5RdYVpTs143.jpg
?????,4.54,19.30-22.30?,https://car.autohome.com.cn/diandongche/series-6345.html#pvareaid=2042206,https://car2.autoimg.cn/cardfs/product/g26/M02/57/0F/120x90_0_q95_autohomecar__ChxkjmKA05eAUgDrAB9HWyPyaxg112.jpg
????M-NV,4.29,14.98-15.98?,https://car.autohome.com.cn/diandongche/series-5787.html#pvareaid=2042206,https://car2.autoimg.cn/cardfs/product/g25/M00/17/2F/120x90_0_q95_autohomecar__ChwFj2AGcyCAcvtbAB5o2DgzUxk213.jpg
ID.4 CROZZ,4.52,18.73-28.73?,https://car.autohome.com.cn/diandongche/series-5785.html#pvareaid=2042206,https://car3.autoimg.cn/cardfs/product/g30/M09/45/B5/120x90_0_q95_autohomecar__ChxknGJffWWAUTZXACTg1uXNg88991.jpg
??iX,4.13,74.69-99.69?,https://car.autohome.com.cn/diandongche/series-4942.html#pvareaid=2042206,https://car3.autoimg.cn/cardfs/product/g27/M0A/EA/BD/120x90_0_q95_autohomecar__ChsEnWER-AeAa3CvAD5Bgo7xTBI463.jpg
??C,4.47,12.98-20.78?,https://car.autohome.com.cn/diandongche/series-5631.html#pvareaid=2042206,https://car3.autoimg.cn/cardfs/product/g30/M02/62/56/120x90_0_q95_autohomecar__ChwFlGLeUGSAQmS5AB1yY87DEIc648.jpg
????,4.53,12.99-17.10?,https://car.autohome.com.cn/diandongche/series-5823.html#pvareaid=2042206,https://car3.autoimg.cn/cardfs/product/g25/M08/B3/D3/120x90_0_q95_autohomecar__ChxkqWLaPa-Ae8WdAB8QD-DeN-w263.jpg
??ES6,4.5,38.60-55.40?,https://car.autohome.com.cn/diandongche/series-4881.html#pvareaid=2042206,https://car2.autoimg.cn/cardfs/product/g25/M00/EB/7D/120x90_0_q95_autohomecar__ChtliGMktoSAO7j4ACGccsulatM767.jpg
??,0,7.18-8.28?,https://car.autohome.com.cn/diandongche/series-5583.html#pvareaid=2042206,https://car2.autoimg.cn/cardfs/product/g29/M0B/1F/BB/120x90_0_q95_autohomecar__ChsFVWM_ziiAfEh_AB0JRP8YPsE548.jpg
??L7,4.49,33.88-57.88?,https://car.autohome.com.cn/diandongche/series-6012.html#pvareaid=2042206,https://car2.autoimg.cn/cardfs/product/g30/M05/F5/8C/120x90_0_q95_autohomecar__ChxknGJW4JuAGUX0ABg3M-R0iWg806.jpg
ELETRE,0,82.80-102.80?,https://car.autohome.com.cn/diandongche/series-6649.html#pvareaid=2042206,https://car3.autoimg.cn/cardfs/product/g30/M02/57/A7/120x90_0_q95_autohomecar__ChwFlGKAh0SAG3WMABgkMHonKzA098.jpg
??C01,4.51,19.38-28.68?,https://car.autohome.com.cn/diandongche/series-6161.html#pvareaid=2042206,https://car2.autoimg.cn/cardfs/product/g25/M03/9C/A1/120x90_0_q95_autohomecar__ChxkqWJ81LWAdOw9AEqEFjOGIXQ966.jpg
e:NP1 ??1,4.55,17.50-21.80?,https://car.autohome.com.cn/diandongche/series-6441.html#pvareaid=2042206,https://car2.autoimg.cn/cardfs/product/g29/M07/37/AA/120x90_0_q95_autohomecar__ChwFk2KVeXKAUo5MACL6x2EqX34016.jpg
??????G80,0,40.68-47.58?,https://car.autohome.com.cn/diandongche/series-6130.html#pvareaid=2042206,https://car2.autoimg.cn/cardfs/product/g29/M01/88/04/120x90_0_q95_autohomecar__Chxkm2NosraARyOKABsUc9S15Ig658.jpg
??iX3,4.5,39.99-43.99?,https://car.autohome.com.cn/diandongche/series-5758.html#pvareaid=2042206,https://car3.autoimg.cn/cardfs/product/g25/M0B/C5/B2/120x90_0_q95_autohomecar__ChwFj2Mzy_iAJEnYACTrDLlrRIY653.jpg
ID.6 X,4.53,25.3288-33.8888?,https://car.autohome.com.cn/diandongche/series-6035.html#pvareaid=2042206,https://car2.autoimg.cn/cardfs/product/g25/M0B/53/25/120x90_0_q95_autohomecar__ChwFj2JBesyAXVybACB6XlkZkmE654.jpg
??E??,4.57,22.58-25.38?,https://car.autohome.com.cn/diandongche/series-5271.html#pvareaid=2042206,https://car2.autoimg.cn/cardfs/product/g3/M07/0D/E4/120x90_0_q95_autohomecar__ChsEm164zvKAbfSAAAcuc7vIqo0523.jpg
??EQC,0,49.19-57.19?,https://car.autohome.com.cn/diandongche/series-5232.html#pvareaid=2042206,https://car2.autoimg.cn/cardfs/product/g25/M06/5A/89/120x90_0_q95_autohomecar__ChtliGKQPSKAXm3BAC9rr57xLBY670.jpg
??e-tron,4.43,54.68-64.88?,https://car.autohome.com.cn/diandongche/series-5765.html#pvareaid=2042206,https://car2.autoimg.cn/cardfs/product/g27/M01/06/AA/120x90_0_q95_autohomecar__ChsEfGAaPhGAMGPuACFU6_UtR4Y980.jpg
??E-HS9,4.5,50.98-77.98?,https://car.autohome.com.cn/diandongche/series-5425.html#pvareaid=2042206,https://car3.autoimg.cn/cardfs/product/g1/M03/CF/6A/120x90_0_q95_autohomecar__ChsEmV-_C5aAPI4iACYy88bL2hY101.jpg
???D1,4.5,15.78-16.78?,https://car.autohome.com.cn/diandongche/series-5825.html#pvareaid=2042206,https://car2.autoimg.cn/cardfs/product/g26/M01/36/7F/120x90_0_q95_autohomecar__ChsEe1_bCr2ANTXHAA16JaaULZA343.jpg
??S01,4.41,11.99-15.09?,https://car.autohome.com.cn/diandongche/series-4677.html#pvareaid=2042206,https://car3.autoimg.cn/cardfs/product/g26/M08/01/08/120x90_0_q95_autohomecar__ChwFkF7hwnGALQS4AAe6g7kmGKk510.jpg
MG MULAN,4.44,12.98-18.68?,https://car.autohome.com.cn/diandongche/series-6651.html#pvareaid=2042206,https://car3.autoimg.cn/cardfs/product/g29/M0B/A0/50/120x90_0_q95_autohomecar__Chxkm2MbDhKAOmW3ABlo0cpm7NY659.jpg
Taycan,0,89.80-183.80?,https://car.autohome.com.cn/diandongche/series-4867.html#pvareaid=2042206,https://car3.autoimg.cn/cardfs/product/g26/M03/7E/1C/120x90_0_q95_autohomecar__ChwFkGLbnlSAaNWwACj6HVA_B14229.jpg
??80v,4.28,8.98-15.98?,https://car.autohome.com.cn/diandongche/series-5861.html#pvareaid=2042206,https://car3.autoimg.cn/cardfs/product/g28/M05/94/2A/120x90_0_q95_autohomecar__ChwFkmGrKXGAeVjOABy6JkVJEb0528.jpg
??6,4.44,16.16-19.69?,https://car.autohome.com.cn/diandongche/series-4776.html#pvareaid=2042206,https://car2.autoimg.cn/cardfs/product/g28/M0B/71/A3/120x90_0_q95_autohomecar__ChwFkmG3S0uAR0DUADMwoOf-r44595.jpg
??HiPhi Z,0,61.00-63.00?,https://car.autohome.com.cn/diandongche/series-6472.html#pvareaid=2042206,https://car3.autoimg.cn/cardfs/product/g1/M08/1F/2A/120x90_0_q95_autohomecar__ChwFqWLELdeAD72xABJV4SJZ5sE037.jpg
???,4.54,36.99-68.99?,https://car.autohome.com.cn/diandongche/series-6459.html#pvareaid=2042206,https://car2.autoimg.cn/cardfs/product/g30/M02/D0/5E/120x90_0_q95_autohomecar__ChwFlGJThQeARCdlADPAU1wefBA810.jpg
???e9,0,23.58-24.18?,https://car.autohome.com.cn/diandongche/series-5955.html#pvareaid=2042206,https://car3.autoimg.cn/cardfs/product/g25/M0B/30/0E/120x90_0_q95_autohomecar__ChtliGOQMQ6AFcXKABPl6iHPBwI625.jpg
?? ???T(ARCFOX aT),4.5,21.88-33.13?,https://car.autohome.com.cn/diandongche/series-5590.html#pvareaid=2042206,https://car3.autoimg.cn/cardfs/product/g25/M04/A3/A1/120x90_0_q95_autohomecar__ChsEel-tB_2AJeOfABxDwzZNorg048.jpg
??ID.3,4.47,14.9888-18.5288?,https://car.autohome.com.cn/diandongche/series-6265.html#pvareaid=2042206,https://car3.autoimg.cn/cardfs/product/g30/M0B/35/3B/120x90_0_q95_autohomecar__ChxknGI5WlmACBUyAB61_khFtDw729.jpg
????,4.52,12.99-17.48?,https://car.autohome.com.cn/diandongche/series-2761.html#pvareaid=2042206,https://car2.autoimg.cn/cardfs/product/g25/M05/5F/70/120x90_0_q95_autohomecar__ChwFj2Ksm_aAQTyOABvhY3NtiJ4114.jpg
??NAT,0,14.78-16.48?,https://car.autohome.com.cn/diandongche/series-6008.html#pvareaid=2042206,https://car3.autoimg.cn/cardfs/product/g25/M00/53/59/120x90_0_q95_autohomecar__ChwFj2KodH6ALOCBACnNxaP58WY466.jpg
??FREE,4.51,31.36-41.99?,https://car.autohome.com.cn/diandongche/series-5924.html#pvareaid=2042206,https://car2.autoimg.cn/cardfs/product/g18/M05/D5/60/120x90_0_q95_autohomecar__ChwEpGEKdlyAYY7-ACJCZIXD-oA276.jpg
??EV???EX1,4.43,5.57-6.27?,https://car.autohome.com.cn/diandongche/series-6003.html#pvareaid=2042206,https://car3.autoimg.cn/cardfs/product/g29/M03/CC/93/120x90_0_q95_autohomecar__ChsFVWN2PxCANvmmACaTuYXYx4U229.jpg
??U,4.52,12.38-18.58?,https://car.autohome.com.cn/diandongche/series-5191.html#pvareaid=2042206,https://car2.autoimg.cn/cardfs/product/g26/M07/88/39/120x90_0_q95_autohomecar__ChxkjmOQNymALCq2ABHqDDs7-Os974.jpg
??A,4.53,12.68-20.78?,https://car.autohome.com.cn/diandongche/series-4983.html#pvareaid=2042206,https://car3.autoimg.cn/cardfs/product/g27/M04/81/0F/120x90_0_q95_autohomecar__ChxkmWLJe6OAWmM2ABcTir4sijk472.jpg
??,0,17.03-18.73?,https://car.autohome.com.cn/diandongche/series-5396.html#pvareaid=2042206,https://car2.autoimg.cn/cardfs/product/g25/M01/25/86/120x90_0_q95_autohomecar__ChxkqWJBKMyAHthCABxBDrjUFyQ484.jpg
??Air ev??,0,????,https://car.autohome.com.cn/diandongche/series-6719.html#pvareaid=2042206,https://car3.autoimg.cn/cardfs/product/g30/M0A/2C/1A/120x90_0_q95_autohomecar__ChwFlGN2RDeAOo8HABen_PfnjhM555.jpg
???e2,4.49,9.58-14.58?,https://car.autohome.com.cn/diandongche/series-5238.html#pvareaid=2042206,https://car2.autoimg.cn/cardfs/product/g3/M02/CD/CA/120x90_0_q95_autohomecar__ChsEkWBohhuAOzMmACMNLy7OcRc806.jpg
??EV6,4.24,14.68-27.28?,https://car.autohome.com.cn/diandongche/series-6188.html#pvareaid=2042206,https://car3.autoimg.cn/cardfs/product/g30/M03/98/B1/120x90_0_q95_autohomecar__ChwFlGJoyB2AcT2zADBvNjChRqI314.jpg
?Pro,4.46,9.28-11.28?,https://car.autohome.com.cn/diandongche/series-6073.html#pvareaid=2042206,https://car3.autoimg.cn/cardfs/product/g7/M0C/EB/C2/120x90_0_q95_autohomecar__ChsEvmBW6BGAHk3AABDzIai2I1c457.jpg
????E70,0,14.28-15.38?,https://car.autohome.com.cn/diandongche/series-4421.html#pvareaid=2042206,https://car3.autoimg.cn/cardfs/product/g26/M04/C0/8B/120x90_0_q95_autohomecar__ChxkjmNXrqCAbZ2sACiLD04F-C0781.jpg
